node1,node2,congestion
0,1,3
0,2,2
0,4,3
0,8,2
0,16,3
0,32,1
0,64,2
0,128,4
0,256,2
0,512,4
1,3,6
1,5,3
1,9,4
1,17,1
1,33,3
1,65,1
1,129,3
1,257,2
2,3,2
2,6,3
2,10,2
2,18,1
2,34,2
2,66,2
2,130,4
2,258,2
2,514,2
3,7,1
3,19,2
3,35,1
3,67,1
3,131,1
3,259,2
3,515,4
4,5,1
4,6,1
4,12,2
4,20,1
4,36,2
4,68,1
4,132,4
4,260,3
4,516,2
5,13,2
5,21,1
5,37,3
5,69,1
5,261,2
5,517,3
6,7,1
6,14,3
6,22,3
6,70,2
6,262,4
6,518,1
7,15,2
7,23,4
7,39,7
7,71,2
7,135,2
7,263,2
7,519,3
8,9,2
8,10,3
8,12,2
8,24,1
8,40,3
8,72,3
8,136,3
8,264,3
8,520,2
9,25,1
9,41,4
9,73,5
9,137,2
9,265,3
9,521,1
10,11,1
10,14,1
10,26,2
10,42,1
10,74,1
10,138,1
10,266,4
10,522,2
11,15,4
11,27,1
11,43,1
11,75,2
11,139,2
11,267,3
11,523,2
12,13,3
12,14,2
12,28,2
12,76,1
12,140,3
12,524,1
13,15,1
13,77,2
13,141,1
13,269,2
13,525,3
14,15,1
14,30,2
14,78,1
14,142,4
14,270,3
14,526,1
15,31,4
15,47,3
15,79,1
15,143,1
15,527,1
16,17,1
16,18,1
16,20,1
16,24,4
16,48,2
16,80,1
16,144,3
16,272,1
16,528,3
17,19,3
17,21,4
17,25,2
17,49,1
17,145,3
17,273,1
17,529,2
18,19,2
18,22,1
18,26,1
18,50,3
18,82,2
18,146,2
18,274,2
18,530,1
19,23,4
19,51,1
19,83,5
19,147,5
19,275,1
19,531,1
20,21,3
20,22,1
20,28,1
20,52,3
20,84,1
20,148,1
20,276,2
20,532,4
21,23,4
21,29,3
21,85,1
21,149,1
21,277,1
21,533,2
22,23,3
22,30,1
22,54,2
22,86,2
22,150,4
22,278,2
22,534,3
23,31,6
23,55,2
23,87,2
23,151,4
23,279,6
23,535,3
24,25,1
24,26,2
24,28,4
24,56,6
24,88,4
24,152,4
24,280,6
24,536,2
25,29,1
25,57,2
25,89,1
25,153,1
25,281,1
25,537,2
26,27,2
26,58,3
26,90,3
26,538,1
27,31,3
27,59,4
27,91,2
27,155,4
27,283,2
28,29,4
28,60,2
28,92,1
28,540,4
29,31,5
29,61,3
29,93,4
29,157,2
29,285,2
29,541,2
30,31,1
30,62,1
30,542,1
31,63,2
31,95,2
31,159,1
31,287,1
31,543,1
32,33,2
32,34,2
32,36,3
32,40,4
32,48,2
32,96,1
32,160,2
32,288,4
32,544,1
33,35,3
33,37,1
33,41,4
33,97,4
33,161,2
33,289,2
33,545,1
34,35,2
34,38,2
34,42,3
34,50,1
34,98,1
34,162,1
34,290,3
34,546,1
35,39,2
35,43,1
35,51,4
35,99,3
35,291,2
35,547,2
36,37,1
36,38,3
36,44,1
36,52,2
36,100,3
36,164,1
36,292,1
36,548,1
37,39,1
37,101,2
37,165,4
37,293,3
37,549,1
38,39,2
38,46,2
38,54,1
38,102,2
38,166,2
38,294,4
38,550,2
39,55,2
39,103,2
39,167,4
39,295,3
39,551,1
40,41,2
40,42,2
40,44,1
40,56,4
40,104,5
40,168,3
40,296,1
40,552,3
41,43,3
41,45,5
41,57,4
41,105,4
41,169,2
41,297,3
41,553,5
42,46,2
42,58,1
42,106,2
42,170,2
42,298,1
42,554,2
43,47,1
43,59,1
43,107,1
43,171,2
43,299,2
43,555,2
44,45,5
44,46,3
44,60,4
44,108,2
44,172,1
44,300,3
44,556,4
45,47,1
45,61,1
45,109,3
45,173,3
45,301,4
45,557,2
46,62,1
46,110,2
46,174,2
46,302,2
46,558,2
47,63,2
47,175,4
47,303,2
47,559,1
48,49,2
48,50,2
48,52,2
48,56,2
48,112,1
48,304,2
48,560,1
49,53,1
49,57,2
49,113,1
49,305,1
50,51,1
50,54,3
50,58,2
50,306,2
50,562,2
51,59,1
51,115,1
51,179,2
51,307,1
51,563,1
52,53,1
52,54,3
52,60,4
52,116,1
52,308,2
52,564,2
53,55,2
53,61,2
53,117,1
53,181,3
53,309,4
53,565,2
54,55,3
54,62,1
54,118,4
54,182,3
54,310,1
54,566,3
55,63,1
55,119,1
55,183,2
55,311,3
55,567,4
56,57,2
56,58,1
56,60,4
56,120,2
56,184,2
56,312,1
56,568,2
57,59,1
57,121,1
57,185,2
57,313,1
57,569,3
58,59,2
58,122,1
58,186,1
58,314,1
58,570,2
59,63,2
59,187,1
59,315,1
59,571,3
60,61,3
60,62,2
60,124,3
60,188,1
60,316,3
60,572,2
61,63,4
61,125,2
61,189,2
61,317,2
61,573,3
62,63,3
62,126,2
62,190,2
62,574,2
63,127,2
63,191,2
63,319,4
63,575,2
64,66,3
64,68,2
64,72,3
64,80,1
64,96,1
64,192,1
64,320,3
64,576,2
65,67,2
65,69,1
65,73,2
65,81,1
65,97,4
65,193,4
65,321,1
65,577,2
66,67,3
66,70,3
66,74,2
66,82,1
66,98,1
66,194,1
66,322,3
66,578,1
67,71,4
67,75,3
67,83,2
67,195,1
67,323,1
67,579,1
68,70,1
68,76,4
68,84,3
68,100,3
68,196,1
68,324,2
68,580,1
69,71,4
69,77,1
69,85,3
69,101,2
69,197,1
69,325,2
69,581,3
70,71,3
70,78,4
70,86,4
70,102,2
70,198,1
70,326,5
70,582,3
71,79,2
71,87,2
71,103,3
71,199,4
71,327,1
71,583,1
72,73,2
72,74,2
72,76,6
72,88,2
72,104,4
72,200,2
72,328,2
72,584,4
73,75,4
73,77,4
73,89,4
73,105,4
73,201,3
73,329,1
73,585,1
74,75,4
74,78,1
74,106,1
74,202,1
75,79,4
75,91,2
75,107,2
75,203,7
75,331,3
75,587,3
76,77,3
76,78,6
76,92,3
76,108,4
76,204,2
76,588,1
77,79,2
77,93,1
77,109,2
77,205,1
77,333,3
77,589,3
78,79,3
78,94,3
78,110,3
78,206,3
78,334,3
78,590,3
79,95,2
79,111,1
79,207,1
79,335,1
79,591,3
80,81,3
80,82,2
80,84,4
80,88,1
80,112,3
80,592,1
81,83,1
81,85,2
81,89,2
81,113,2
81,209,1
81,337,2
81,593,2
82,86,1
82,90,1
82,114,1
82,338,1
82,594,1
83,87,2
83,91,4
83,115,2
83,211,4
83,339,2
84,86,2
84,92,1
84,116,2
84,340,2
84,596,1
85,87,3
85,93,2
85,117,2
85,213,4
85,341,2
85,597,3
86,94,4
86,118,4
86,214,2
86,342,1
86,598,2
87,95,3
87,119,3
87,215,2
87,343,1
88,89,1
88,90,4
88,92,2
88,120,2
88,216,2
88,344,1
88,600,1
89,91,2
89,93,2
89,217,1
89,345,3
89,601,2
90,91,2
90,94,7
90,122,1
90,218,2
90,346,3
90,602,1
91,95,1
91,123,1
91,219,1
91,347,1
91,603,2
92,93,4
92,94,1
92,124,1
92,220,1
92,348,2
92,604,4
93,95,4
93,125,2
93,221,3
93,349,1
93,605,1
94,95,1
94,126,1
94,222,5
94,350,4
95,127,3
95,607,4
96,98,4
96,100,4
96,104,1
96,112,2
96,224,5
96,352,1
96,608,1
97,99,2
97,101,1
97,105,2
97,113,3
97,225,2
97,353,2
97,609,2
98,99,5
98,102,2
98,106,2
98,114,1
98,226,2
98,354,5
98,610,1
99,103,5
99,107,2
99,115,2
99,227,1
99,355,2
99,611,2
100,101,4
100,102,2
100,108,4
100,228,3
100,356,1
100,612,2
101,103,4
101,109,2
101,117,2
101,229,4
101,357,2
101,613,3
102,103,5
102,110,3
102,358,1
102,614,3
103,111,3
103,119,3
103,231,4
103,359,4
103,615,3
104,105,3
104,106,2
104,108,3
104,120,5
104,232,3
104,360,5
104,616,3
105,107,3
105,109,6
105,121,2
105,233,2
105,361,1
105,617,1
106,107,2
106,110,4
106,122,1
106,362,2
106,618,2
107,111,1
107,235,2
107,363,3
107,619,2
108,109,1
108,110,4
108,124,1
108,236,2
108,364,3
108,620,2
109,111,1
109,125,3
109,365,2
109,621,2
110,111,3
110,126,3
110,238,3
110,366,3
110,622,2
111,127,2
111,239,2
111,367,4
111,623,1
112,113,3
112,114,1
112,240,4
112,368,2
112,624,2
113,115,4
113,117,1
113,121,1
113,241,1
113,369,1
113,625,1
114,118,3
114,122,1
114,242,3
114,626,2
115,119,3
115,123,1
115,243,2
115,371,1
116,117,2
116,118,2
116,124,1
116,244,1
116,372,2
116,628,3
117,119,1
117,125,4
117,245,2
117,373,1
117,629,2
118,119,2
118,126,3
118,246,6
118,374,3
118,630,3
119,127,3
119,247,2
119,375,1
119,631,1
120,121,1
120,122,3
120,124,4
120,248,3
120,376,4
120,632,4
121,123,4
121,125,2
121,249,1
121,377,1
121,633,1
122,123,1
122,250,1
122,634,1
123,127,2
123,251,2
123,379,3
123,635,2
124,125,2
124,126,3
124,252,6
124,380,2
124,636,3
125,127,3
125,253,2
125,381,1
125,637,1
126,127,4
126,254,4
126,382,3
126,638,1
127,255,1
127,383,2
127,639,2
128,129,4
128,130,3
128,132,2
128,136,1
128,144,4
128,160,4
128,192,2
128,384,2
128,640,2
129,131,1
129,137,2
129,161,1
129,385,5
129,641,4
130,131,2
130,134,3
130,146,2
130,162,5
130,194,2
130,386,3
130,642,2
131,135,1
131,139,2
131,147,3
131,163,2
131,195,1
131,387,2
131,643,1
132,133,1
132,134,1
132,164,1
132,196,4
132,644,1
133,135,2
133,141,2
133,149,2
133,197,1
133,645,2
134,135,1
134,142,2
134,150,2
134,166,1
134,198,1
134,390,1
135,143,2
135,151,1
135,167,1
135,199,2
135,391,2
136,137,2
136,138,3
136,140,2
136,200,1
136,648,2
137,139,3
137,141,5
137,153,2
137,169,1
137,201,2
137,393,3
138,139,2
138,142,1
138,170,1
138,202,3
138,394,1
138,650,2
139,143,3
139,155,1
139,171,1
139,203,2
139,651,2
140,141,1
140,142,1
140,172,1
140,204,4
140,396,3
140,652,1
141,157,5
141,173,2
141,205,1
141,397,1
141,653,2
142,143,2
142,158,2
142,174,6
142,206,6
142,398,1
142,654,1
143,159,4
143,175,4
143,399,1
143,655,1
144,145,3
144,146,1
144,148,1
144,152,3
144,176,2
144,208,2
144,400,1
144,656,2
145,147,2
145,149,1
145,153,1
145,209,2
145,401,1
145,657,1
146,147,1
146,150,1
146,154,2
146,178,3
146,210,3
146,402,3
147,151,2
147,155,1
147,179,3
147,211,2
147,403,2
147,659,3
148,150,3
148,156,2
148,180,2
148,212,1
148,404,2
148,660,2
149,151,2
149,157,6
149,181,2
149,213,2
149,405,1
149,661,1
150,151,1
150,158,1
150,182,3
150,214,1
150,406,5
150,662,3
151,159,1
151,183,1
151,215,3
151,407,4
151,663,1
152,153,3
152,154,5
152,184,1
152,216,1
152,408,4
152,664,1
153,155,1
153,157,1
153,217,1
153,409,3
153,665,3
154,155,1
154,158,1
154,186,1
154,218,1
154,410,1
154,666,2
155,159,3
155,219,2
155,411,3
155,667,4
156,157,3
156,158,1
156,188,1
156,220,1
156,412,3
156,668,1
157,159,3
157,189,5
157,221,6
157,413,2
157,669,5
158,159,1
158,190,2
158,222,2
158,414,1
158,670,1
159,191,4
159,223,1
159,415,2
159,671,2
160,161,2
160,162,3
160,164,2
160,168,2
160,176,1
160,224,3
160,416,3
160,672,2
161,163,1
161,177,1
161,225,3
161,417,2
162,163,2
162,166,3
162,170,1
162,178,2
162,226,5
162,418,1
162,674,1
163,167,2
163,171,2
163,179,1
163,227,1
163,419,1
163,675,2
164,165,1
164,166,2
164,172,3
164,228,1
164,420,2
164,676,1
165,167,3
165,173,4
165,229,4
165,421,4
165,677,2
166,167,3
166,174,7
166,182,2
166,230,1
166,678,3
167,175,3
167,183,2
167,231,1
167,423,3
168,170,2
168,184,2
168,424,1
169,173,2
169,185,2
169,233,2
169,425,1
169,681,2
170,171,3
170,174,7
170,186,3
170,234,3
170,426,2
170,682,2
171,175,1
171,187,2
171,235,1
171,427,4
171,683,2
172,173,2
172,174,2
172,188,3
172,236,1
172,428,2
172,684,3
173,175,3
173,189,2
173,237,1
173,429,2
173,685,1
174,175,2
174,190,4
174,238,1
174,430,2
174,686,3
175,191,5
175,239,5
175,431,2
175,687,5
176,177,1
176,180,1
176,184,1
176,240,2
176,432,2
176,688,2
177,179,2
177,181,4
177,185,1
177,433,2
177,689,5
178,179,2
178,182,2
178,186,4
178,242,4
178,434,2
178,690,1
179,183,4
179,187,2
179,243,1
179,435,1
179,691,2
180,181,1
180,182,2
180,188,1
180,244,1
180,436,1
180,692,1
181,183,1
181,189,3
181,245,1
181,693,3
182,183,1
182,190,2
182,246,4
182,438,2
182,694,1
183,191,4
183,695,1
184,185,2
184,186,4
184,188,1
184,248,5
184,440,2
184,696,2
185,187,1
185,189,1
185,249,1
185,441,2
185,697,2
186,187,1
186,190,2
186,442,2
186,698,4
187,191,2
187,251,1
187,443,2
187,699,2
188,189,2
188,190,1
188,252,2
188,700,2
189,191,3
189,253,2
189,445,2
189,701,2
190,191,4
190,254,3
190,446,4
190,702,2
191,255,4
191,447,3
191,703,3
192,193,2
192,194,1
192,196,1
192,200,2
192,208,3
192,224,3
192,448,1
192,704,2
193,195,3
193,197,5
193,201,1
193,209,2
193,225,1
193,449,2
193,705,2
194,195,5
194,198,3
194,202,2
194,210,2
194,226,2
194,706,4
195,199,2
195,203,2
195,211,4
195,227,2
195,451,2
195,707,2
196,197,3
196,198,2
196,204,1
196,212,3
196,228,1
196,452,2
196,708,2
197,205,3
197,213,3
197,229,4
197,453,3
197,709,1
198,206,2
198,214,2
198,230,2
198,454,4
198,710,3
199,207,4
199,215,2
199,231,1
199,455,2
199,711,3
200,201,2
200,202,2
200,204,5
200,216,3
200,232,2
200,456,2
200,712,1
201,205,2
201,217,2
201,233,2
201,457,4
201,713,2
202,203,1
202,206,1
202,218,3
202,234,2
202,458,2
202,714,1
203,207,2
203,219,3
203,235,4
203,715,1
204,205,1
204,206,7
204,236,1
204,460,3
205,207,2
205,221,1
205,237,3
205,461,1
205,717,5
206,207,2
206,222,1
206,462,2
206,718,2
207,223,2
207,239,1
207,719,2
208,209,3
208,210,3
208,212,3
208,216,2
208,240,3
208,464,1
208,720,2
209,211,1
209,213,2
209,217,4
209,465,2
209,721,1
210,214,3
210,218,2
210,242,5
210,466,2
210,722,2
211,215,2
211,219,2
211,243,1
211,467,2
211,723,4
212,213,2
212,244,1
212,468,1
212,724,3
213,215,3
213,221,2
213,245,4
213,469,3
213,725,3
214,215,2
214,222,4
214,246,3
214,470,3
214,726,2
215,223,2
215,247,2
215,727,2
216,217,2
216,218,3
216,220,2
216,248,3
216,472,2
217,219,2
217,221,4
217,249,3
217,473,7
217,729,4
218,219,1
218,222,1
218,250,1
218,474,1
218,730,1
219,223,4
219,251,2
219,475,2
219,731,1
220,221,5
220,222,2
220,476,2
220,732,3
221,223,3
221,253,5
221,477,2
221,733,3
222,223,2
222,254,3
222,478,1
222,734,3
223,255,2
223,479,1
223,735,1
224,225,1
224,226,1
224,228,2
224,232,5
224,240,3
224,480,1
224,736,2
225,229,2
225,233,1
225,241,1
225,481,2
225,737,3
226,227,2
226,230,2
226,242,1
226,482,2
226,738,3
227,231,1
227,483,2
227,739,3
228,229,2
228,236,1
228,244,2
228,484,2
228,740,4
229,231,2
229,237,3
229,245,2
229,485,1
229,741,4
230,231,1
230,238,2
230,246,2
230,742,2
231,247,3
231,487,2
231,743,1
232,233,1
232,236,1
232,248,2
232,488,3
232,744,1
233,235,2
233,237,1
233,249,1
234,235,2
234,238,1
234,250,2
234,490,2
234,746,2
235,239,1
235,251,3
235,491,3
236,237,1
236,238,2
236,252,1
236,492,1
236,748,1
237,239,1
237,253,2
237,749,2
238,239,1
238,494,4
238,750,2
239,495,2
239,751,1
240,241,5
240,242,2
240,244,1
240,248,1
240,496,4
240,752,3
241,243,2
241,245,2
241,249,1
241,497,2
241,753,2
242,243,3
242,246,2
242,250,1
242,498,1
242,754,2
243,247,5
243,251,3
243,499,4
243,755,1
244,245,2
244,246,1
244,252,2
244,500,1
244,756,2
245,247,1
245,253,2
245,501,2
245,757,2
246,254,1
246,502,2
246,758,1
247,255,5
247,503,1
247,759,1
248,249,1
248,250,3
248,252,4
248,760,2
249,251,2
249,253,1
249,505,3
249,761,2
250,251,2
250,254,2
250,506,1
250,762,1
251,255,3
251,507,2
251,763,2
252,253,1
252,254,4
252,508,3
252,764,1
253,255,1
253,509,2
253,765,2
254,255,3
254,766,2
255,511,2
255,767,3
256,257,1
256,258,1
256,260,3
256,264,2
256,272,2
256,288,3
256,320,3
256,384,2
256,768,3
257,259,3
257,261,2
257,265,1
257,273,2
257,289,2
257,321,1
257,385,1
257,769,1
258,266,3
258,274,1
258,290,2
258,322,2
258,386,2
258,770,1
259,263,2
259,267,2
259,275,2
259,291,1
259,323,2
259,387,2
259,771,2
260,261,3
260,262,3
260,268,5
260,276,2
260,292,2
260,324,2
260,772,1
261,263,1
261,269,2
261,293,1
261,325,3
261,389,2
262,263,2
262,278,3
262,294,2
262,326,5
262,390,3
262,774,2
263,271,1
263,279,1
263,295,1
263,327,3
263,391,2
263,775,3
264,265,2
264,266,4
264,268,2
264,280,1
264,776,2
265,267,1
265,269,1
265,281,2
265,329,1
265,393,2
265,777,1
266,267,4
266,282,4
266,298,3
266,330,1
266,394,1
266,778,2
267,271,3
267,283,1
267,299,2
267,331,2
267,779,2
268,269,3
268,270,1
268,284,1
268,300,3
268,780,1
269,271,3
269,285,2
269,301,1
269,333,4
269,397,4
269,781,2
270,271,2
270,286,1
270,302,2
270,398,1
271,287,3
271,303,2
271,335,1
271,399,1
271,783,2
272,273,2
272,274,3
272,276,4
272,280,2
272,304,1
272,336,2
272,784,3
273,275,1
273,281,1
273,305,3
273,337,2
273,401,2
273,785,2
274,275,2
274,278,2
274,282,5
274,306,1
274,786,2
275,279,1
275,283,1
275,307,1
275,339,2
275,787,3
276,277,1
276,278,2
276,284,3
276,308,3
276,340,1
276,404,2
276,788,2
277,285,3
277,309,2
277,341,1
277,405,2
277,789,2
278,279,2
278,286,1
278,310,3
278,342,1
278,406,3
278,790,1
279,311,2
279,343,4
279,407,3
279,791,3
280,281,1
280,282,1
280,284,1
280,312,1
280,344,2
280,408,4
280,792,3
281,283,2
281,285,2
281,313,4
281,345,6
281,409,3
282,283,2
282,286,4
282,346,2
282,410,2
282,794,2
283,315,3
283,411,1
283,795,2
284,285,1
284,286,3
284,348,1
285,317,1
285,349,1
285,413,1
285,797,1
286,287,2
286,318,2
286,414,1
287,319,3
287,351,2
287,415,1
287,799,2
288,289,1
288,292,2
288,296,2
288,304,4
288,352,1
288,416,1
288,800,2
289,291,6
289,293,1
289,297,1
289,305,3
289,353,1
289,417,2
289,801,5
290,291,2
290,294,2
290,298,2
290,306,2
290,354,1
290,418,1
290,802,3
291,295,2
291,299,3
291,307,2
291,355,3
291,419,1
292,293,3
292,294,2
292,300,2
292,308,2
292,356,4
292,420,5
292,804,3
293,295,2
293,301,1
293,309,3
293,357,2
293,805,2
294,302,3
294,310,3
294,358,1
294,422,1
295,423,3
295,807,3
296,297,3
296,298,4
296,300,2
296,312,1
296,360,1
296,424,2
297,299,1
297,301,3
297,313,5
297,361,3
297,425,4
297,809,1
298,299,2
298,302,4
298,314,2
298,362,1
298,426,1
298,810,2
299,303,3
299,315,5
299,363,3
299,427,4
299,811,1
300,301,2
300,302,2
300,364,3
300,428,1
300,812,2
301,303,3
301,317,1
301,429,1
301,813,4
302,303,1
302,318,1
302,366,2
302,430,3
302,814,2
303,367,4
303,431,1
303,815,4
304,305,2
304,308,2
304,312,3
304,368,3
304,432,3
304,816,2
305,307,6
305,309,2
305,313,4
305,369,3
305,433,3
305,817,3
306,434,2
306,818,1
307,311,2
307,315,4
307,371,3
307,435,1
307,819,4
308,309,2
308,372,1
308,436,2
308,820,2
309,311,3
309,317,2
309,373,4
309,437,3
309,821,1
310,311,3
310,318,3
310,374,2
310,438,3
310,822,2
311,319,3
311,439,4
311,823,2
312,313,2
312,314,1
312,316,3
312,440,3
312,824,1
313,315,5
313,317,5
313,377,1
313,825,3
314,315,2
314,318,2
314,378,3
314,442,1
314,826,2
315,319,2
315,379,3
315,443,2
315,827,3
316,317,3
316,318,4
316,444,1
316,828,2
317,319,4
317,381,2
317,445,2
318,319,6
318,382,1
318,446,1
318,830,4
319,383,2
319,447,5
319,831,3
320,321,2
320,322,2
320,328,1
320,336,1
320,448,3
320,832,1
321,323,2
321,325,3
321,329,5
321,337,5
321,353,1
321,449,2
321,833,2
322,326,2
322,330,2
322,338,2
322,354,1
322,450,2
322,834,2
323,327,1
323,339,1
323,451,1
324,325,1
324,326,1
324,332,1
324,340,2
324,356,1
324,452,4
324,836,2
325,327,2
325,333,1
325,357,2
325,453,2
326,327,1
326,334,1
326,342,1
326,358,2
326,454,3
326,838,3
327,335,5
327,343,4
327,359,3
327,455,2
327,839,2
328,329,2
328,332,3
328,344,2
328,360,2
328,456,2
329,331,2
329,333,1
329,345,1
329,361,3
329,457,1
329,841,1
330,334,1
330,346,1
330,362,2
330,458,2
330,842,1
331,335,1
331,347,2
331,363,2
331,459,1
331,843,1
332,333,3
332,334,3
332,460,1
332,844,3
333,335,2
333,349,1
333,365,1
333,461,2
333,845,2
334,335,2
334,350,4
334,366,3
334,462,1
335,351,4
335,367,3
335,847,3
336,338,4
336,340,2
336,344,5
336,368,1
336,464,1
337,339,1
337,341,3
337,345,4
337,369,6
337,465,2
337,849,1
338,339,4
338,342,4
338,346,5
338,370,1
338,466,1
338,850,2
339,343,7
339,347,3
339,371,2
339,467,4
340,341,3
340,342,2
340,348,1
340,372,2
340,852,1
341,343,3
341,349,2
341,373,2
341,469,1
341,853,1
342,343,3
342,350,3
342,470,2
342,854,1
343,351,3
343,375,2
343,471,1
343,855,4
344,345,2
344,346,5
344,348,2
344,376,5
344,472,3
344,856,1
345,347,4
345,349,3
345,377,3
345,473,4
345,857,4
346,347,4
346,350,1
346,378,6
346,474,5
346,858,4
347,351,3
347,379,1
347,475,1
347,859,1
348,349,1
348,350,4
348,380,3
348,476,5
348,860,3
349,351,2
349,477,1
349,861,2
350,351,2
350,382,2
350,478,1
350,862,1
351,383,2
351,863,2
352,353,2
352,354,2
352,356,1
352,360,1
352,480,1
352,864,3
353,355,2
353,357,4
353,361,1
353,481,1
354,355,2
354,358,2
354,362,2
354,370,1
354,482,2
354,866,2
355,359,5
355,363,2
355,371,1
355,483,3
355,867,2
356,357,2
356,364,6
356,372,4
356,484,1
356,868,2
357,359,4
357,365,5
357,373,6
357,485,2
357,869,3
358,359,4
358,366,1
358,374,1
358,486,1
358,870,3
359,367,2
359,375,2
359,487,6
359,871,4
360,361,2
360,362,4
360,364,5
360,376,3
360,488,3
360,872,2
361,363,1
361,365,2
361,377,4
361,489,3
361,873,2
362,363,3
362,366,2
362,378,1
362,490,2
362,874,3
363,379,2
363,491,1
363,875,1
364,365,3
364,366,5
364,380,3
364,492,2
364,876,2
365,367,2
365,381,3
365,877,2
366,367,3
366,382,1
366,494,1
366,878,3
367,383,3
367,495,3
367,879,2
368,369,1
368,372,1
368,496,3
368,880,1
369,373,1
369,377,3
369,497,2
369,881,1
370,371,2
370,378,1
370,498,1
371,375,1
371,379,3
371,499,2
371,883,1
372,373,2
372,374,2
372,380,2
372,500,1
372,884,3
373,375,4
373,381,4
373,885,2
374,375,3
374,382,1
374,502,1
374,886,1
375,383,3
375,503,1
375,887,3
376,377,4
376,378,3
376,380,1
376,504,2
376,888,2
377,379,4
377,381,3
377,505,2
377,889,1
378,379,1
378,382,1
378,506,3
378,890,1
379,383,3
379,507,3
379,891,3
380,381,1
380,382,1
380,508,1
380,892,2
381,383,2
381,509,2
382,383,3
382,510,1
382,894,2
383,511,1
383,895,1
384,386,2
384,392,1
384,416,2
384,896,3
385,387,2
385,393,1
385,401,1
385,449,2
385,897,2
386,387,1
386,390,2
386,394,2
386,402,1
386,418,1
386,450,2
387,391,3
387,395,2
387,451,2
387,899,2
388,389,2
388,390,1
388,396,1
388,404,1
388,900,1
389,391,4
389,405,1
389,453,3
389,901,2
390,422,3
390,454,1
390,902,1
391,399,4
391,407,1
391,423,4
391,455,1
391,903,3
392,393,2
392,394,1
392,408,1
392,904,1
393,395,1
393,397,1
393,409,2
393,425,4
393,457,1
393,905,3
394,398,4
394,410,5
394,426,2
394,458,1
394,906,1
395,399,2
395,411,3
395,427,1
395,459,1
395,907,2
396,397,2
396,398,2
396,412,1
396,428,2
396,460,4
396,908,1
397,429,2
397,461,3
397,909,5
398,399,1
398,414,1
398,430,2
399,415,1
399,431,1
399,463,1
399,911,2
400,401,2
400,402,4
400,404,2
400,408,2
400,432,2
400,912,3
401,403,1
401,405,1
401,409,2
401,433,2
401,465,1
401,913,1
402,403,1
402,406,3
402,434,4
402,466,2
402,914,2
403,407,3
403,411,4
403,915,1
404,405,3
404,406,3
404,412,3
404,468,2
404,916,4
405,407,4
405,413,2
405,437,2
405,469,1
405,917,3
406,407,4
406,414,1
406,438,3
406,470,2
406,918,4
407,415,1
407,471,3
407,919,3
408,410,1
408,412,1
408,440,3
408,472,1
408,920,1
409,411,2
409,413,4
409,441,1
409,473,3
409,921,2
410,411,2
410,442,3
410,474,2
410,922,2
411,415,1
411,443,3
411,475,1
411,923,2
412,413,3
412,414,2
412,444,1
412,476,2
412,924,2
413,415,1
413,445,3
413,477,2
413,925,2
414,415,1
414,446,1
414,926,2
415,447,3
415,479,1
415,927,4
416,417,2
416,418,1
416,420,2
416,424,3
416,432,3
416,928,1
417,419,1
417,421,1
417,425,1
417,433,1
417,481,2
417,929,2
418,422,1
418,434,2
418,482,1
419,423,3
419,427,2
419,435,1
419,483,3
419,931,2
420,421,2
420,428,2
420,436,1
420,484,2
420,932,4
421,423,3
421,485,2
422,423,1
422,430,5
422,438,4
422,486,1
422,934,2
423,431,2
423,439,2
423,487,5
424,425,2
424,426,3
424,428,1
424,440,1
424,488,3
425,427,2
425,429,2
425,441,1
425,489,1
425,937,2
426,427,2
426,430,1
426,442,1
426,490,2
426,938,2
427,431,3
427,443,1
427,939,1
428,429,1
428,430,1
428,444,4
428,492,2
429,431,1
429,445,3
429,493,1
429,941,1
430,446,1
430,494,2
430,942,1
431,447,1
431,495,2
431,943,3
432,433,2
432,434,3
432,436,3
432,440,2
432,496,1
432,944,1
433,435,2
433,441,1
433,497,1
434,438,3
434,442,2
434,498,1
434,946,1
435,443,1
435,947,2
436,437,2
436,438,5
436,444,4
436,948,2
437,445,2
437,501,3
438,439,1
438,446,2
438,502,3
439,447,2
439,503,2
439,951,1
440,441,2
440,444,2
440,504,3
440,952,4
441,443,4
441,445,1
441,505,1
441,953,3
442,443,2
442,506,2
442,954,1
443,447,4
443,507,3
443,955,2
444,445,2
444,446,2
444,956,2
445,447,1
445,509,3
445,957,1
446,447,3
446,510,2
446,958,2
447,511,2
447,959,2
448,449,1
448,450,1
448,452,1
448,456,1
448,464,2
448,480,1
448,960,3
449,451,2
449,453,4
449,457,1
449,465,4
449,481,6
450,451,1
450,454,1
450,458,1
450,466,3
450,482,4
450,962,1
451,455,1
451,459,3
451,467,1
451,483,2
451,963,1
452,453,3
452,454,1
452,460,1
452,468,1
452,484,2
452,964,1
453,455,2
453,461,2
453,469,1
453,485,4
453,965,2
454,455,4
454,462,2
454,486,2
454,966,4
455,463,4
455,471,4
455,487,4
456,457,3
456,458,1
456,472,2
456,488,3
456,968,2
457,459,3
457,461,2
457,473,2
457,489,1
457,969,2
458,459,1
458,462,1
458,474,1
458,490,2
459,463,3
459,475,1
459,491,1
459,971,2
460,461,3
460,476,3
460,492,4
460,972,3
461,463,4
461,477,2
461,493,1
461,973,4
462,478,4
462,494,3
462,974,1
463,975,2
464,465,2
464,468,1
464,472,1
464,496,2
464,976,2
465,469,4
465,473,1
465,497,3
465,977,1
466,467,2
466,470,3
466,474,3
466,498,1
466,978,1
467,471,2
467,475,1
467,499,2
467,979,4
468,469,2
468,476,2
468,500,1
468,980,2
469,471,6
469,477,2
469,501,1
469,981,1
470,471,3
470,478,2
470,982,1
471,479,1
471,503,1
471,983,3
472,473,1
472,474,2
472,476,2
472,504,1
472,984,1
473,475,2
473,477,1
473,505,2
473,985,3
474,475,3
474,478,2
474,506,2
474,986,3
475,479,2
475,507,1
475,987,2
476,477,2
476,478,3
476,508,1
476,988,2
477,509,3
477,989,1
478,479,4
478,510,2
478,990,1
479,511,2
479,991,3
480,481,1
480,482,2
480,484,1
480,496,1
480,992,2
481,485,1
481,489,3
481,497,2
481,993,4
482,483,1
482,486,2
482,490,3
482,498,1
482,994,2
483,487,1
483,491,5
483,499,4
483,995,1
484,485,2
484,486,2
484,492,1
484,500,4
484,996,1
485,487,2
485,493,3
485,501,3
486,494,3
486,502,3
487,495,4
487,503,1
487,999,3
488,489,1
488,490,1
488,504,2
489,491,4
489,493,2
489,505,2
489,1001,3
490,491,1
490,494,1
490,506,2
491,495,3
491,507,2
491,1003,4
492,493,2
492,494,2
492,508,3
492,1004,3
493,495,4
493,509,1
493,1005,2
494,495,2
494,510,1
494,1006,3
495,1007,2
496,498,2
496,500,5
496,504,4
496,1008,2
497,499,2
498,499,3
498,502,2
498,506,1
498,1010,3
499,503,1
499,1011,2
500,501,1
500,502,3
500,508,3
500,1012,1
501,509,3
501,1013,1
502,503,1
502,510,2
502,1014,1
503,511,2
503,1015,2
504,505,3
504,506,1
504,508,1
504,1016,3
505,507,3
505,509,5
505,1017,3
506,507,3
506,510,1
506,1018,2
507,511,5
507,1019,2
508,509,5
508,510,2
508,1020,3
509,1021,4
510,511,3
511,1023,1
512,513,2
512,514,3
512,516,2
512,520,4
512,528,5
512,544,2
512,576,3
512,640,2
512,768,1
513,515,2
513,517,1
513,529,2
513,545,2
513,577,1
513,641,1
513,769,3
514,515,1
514,522,3
514,530,3
514,546,3
514,578,1
514,642,3
514,770,1
515,519,2
515,523,1
515,531,2
515,547,3
515,579,2
515,643,3
515,771,2
516,517,1
516,518,1
516,524,1
516,532,2
516,548,2
516,580,3
517,519,2
517,525,1
517,533,1
517,549,1
517,581,2
517,645,2
517,773,2
518,519,2
518,534,2
518,550,3
518,582,2
518,774,1
519,527,1
519,535,1
519,551,2
519,583,3
519,647,2
519,775,4
520,521,1
520,524,4
520,536,1
520,552,2
520,584,1
520,648,1
521,537,1
521,553,3
521,585,3
521,777,1
522,523,1
522,526,2
522,538,2
522,554,2
522,650,2
522,778,2
523,555,3
523,587,3
523,651,3
523,779,3
524,525,3
524,526,2
524,540,4
524,556,8
524,588,2
524,652,2
524,780,3
525,527,2
525,541,1
525,557,2
525,589,5
525,653,4
525,781,3
526,527,2
526,542,4
526,590,2
526,654,3
527,543,3
527,559,1
527,591,2
527,655,2
527,783,4
528,530,4
528,532,3
528,536,3
528,560,3
528,592,2
528,656,3
528,784,4
529,533,3
529,537,2
529,561,2
529,593,5
529,657,3
529,785,1
530,531,1
530,534,1
530,538,4
530,562,1
530,658,1
531,539,2
531,659,1
531,787,3
532,533,2
532,534,2
532,540,6
532,564,2
532,596,4
532,660,1
532,788,4
533,535,3
533,541,2
533,565,1
533,597,1
533,661,2
533,789,1
534,535,4
534,542,4
534,566,2
534,598,1
534,662,2
534,790,3
535,543,3
535,567,1
535,599,5
535,663,3
535,791,1
536,537,4
536,538,2
536,540,3
536,568,2
536,664,1
536,792,2
537,539,3
537,569,2
537,601,1
537,665,1
537,793,2
538,539,2
538,542,2
538,570,3
538,602,3
538,666,1
538,794,2
539,543,2
539,571,1
539,603,2
540,541,3
540,542,3
540,572,2
540,604,2
540,668,2
540,796,5
541,543,1
541,573,1
541,605,3
541,669,2
541,797,1
542,543,1
542,574,2
542,606,2
542,670,3
543,575,2
543,607,2
543,671,1
543,799,2
544,545,3
544,546,1
544,548,2
544,552,2
544,560,3
544,608,2
544,800,2
545,549,4
545,553,6
545,561,1
545,609,2
545,673,1
545,801,2
546,547,2
546,550,3
546,554,2
546,562,1
546,610,7
546,674,3
546,802,3
547,551,1
547,555,2
547,563,1
547,675,1
548,549,4
548,550,2
548,556,4
548,564,3
548,612,2
548,676,2
548,804,2
549,551,2
549,677,1
549,805,1
550,551,3
550,558,1
550,566,1
550,614,3
550,678,2
550,806,2
551,567,1
551,615,1
551,679,1
552,553,2
552,554,1
552,556,2
552,568,1
552,616,2
552,680,1
553,555,2
553,557,1
553,569,6
553,617,2
553,681,3
554,555,2
554,558,1
554,570,1
554,810,1
555,559,4
555,571,4
555,619,2
555,683,1
555,811,2
556,557,2
556,558,1
556,572,4
556,620,1
556,684,3
556,812,3
557,559,2
557,573,1
557,621,4
557,685,2
557,813,2
558,574,1
558,622,1
558,686,2
558,814,3
559,575,3
559,623,2
559,687,2
559,815,3
560,561,1
560,562,2
560,564,2
560,568,2
560,624,2
560,688,1
560,816,1
561,563,1
561,565,2
561,569,2
561,625,1
561,689,2
561,817,2
562,563,2
562,566,2
562,690,2
562,818,2
563,567,1
563,571,3
563,627,1
563,691,4
563,819,6
564,565,3
564,566,2
564,572,1
564,628,2
564,692,1
565,567,2
565,573,1
565,629,1
565,693,2
566,567,2
566,574,3
566,630,3
566,694,2
566,822,2
567,575,4
567,631,1
567,823,2
568,569,2
568,570,3
568,572,3
568,632,1
568,696,2
569,571,2
569,573,1
569,697,2
569,825,4
570,571,3
570,574,3
570,634,2
570,698,1
571,575,2
571,635,1
571,699,1
571,827,4
572,573,2
572,574,5
572,636,2
572,700,3
573,575,1
573,637,2
573,701,4
573,829,2
574,575,2
574,638,5
574,702,1
574,830,2
575,639,2
575,703,1
575,831,3
576,577,1
576,578,3
576,580,1
576,584,1
576,608,2
576,832,1
577,579,1
577,581,4
577,585,2
577,593,1
577,609,1
577,833,3
578,582,1
578,586,2
578,594,1
578,610,2
578,834,1
579,583,1
579,587,2
579,707,2
579,835,1
580,581,2
580,582,1
580,588,2
580,612,1
580,708,2
580,836,3
581,583,5
581,589,3
581,597,2
581,613,1
581,709,1
581,837,3
582,583,3
582,590,1
582,598,1
582,614,3
582,710,3
582,838,4
583,591,2
583,599,1
583,615,2
583,711,2
584,586,3
584,588,2
584,616,1
584,712,2
584,840,2
585,587,1
585,589,3
585,601,1
585,617,2
585,713,2
585,841,1
586,587,2
586,590,6
586,602,2
586,618,1
586,714,1
586,842,1
587,591,1
587,603,1
587,619,2
587,715,2
587,843,1
588,589,2
588,590,3
588,604,2
588,620,5
588,716,3
588,844,4
589,591,2
589,605,4
589,621,6
589,717,4
589,845,2
590,591,2
590,606,4
590,622,1
590,718,2
590,846,2
591,607,2
591,623,4
591,719,4
591,847,2
592,593,2
592,594,1
592,600,2
592,624,1
592,720,3
592,848,2
593,595,2
593,597,1
593,721,2
593,849,1
594,595,2
594,598,1
594,722,2
594,850,2
595,599,3
595,603,1
595,627,2
595,723,1
595,851,1
596,597,1
596,598,1
596,604,2
596,628,2
596,724,2
596,852,1
597,599,1
597,605,5
597,629,1
597,725,1
597,853,2
598,599,2
598,606,1
598,630,3
598,726,2
598,854,4
599,607,5
599,631,1
599,727,4
599,855,2
600,601,2
600,602,4
600,604,2
600,728,2
600,856,3
601,603,1
601,605,2
601,633,2
601,729,4
601,857,1
602,603,3
602,606,2
602,634,2
602,730,3
602,858,4
603,607,2
603,635,1
603,731,2
603,859,1
604,605,1
604,606,2
604,636,2
604,732,4
604,860,3
605,607,1
605,637,3
605,733,3
605,861,3
606,607,1
606,638,4
606,734,4
607,639,3
607,863,2
608,609,2
608,610,1
608,612,3
608,616,3
608,736,2
608,864,2
609,611,3
609,613,1
609,617,3
609,737,1
609,865,3
610,611,3
610,614,2
610,618,1
610,626,2
610,738,4
610,866,3
611,615,3
611,619,1
611,627,2
611,739,1
611,867,1
612,613,4
612,620,1
612,628,2
612,740,1
612,868,2
613,615,3
613,621,1
613,741,2
613,869,1
614,615,1
614,622,2
614,630,3
614,742,4
614,870,5
615,623,5
615,631,1
615,743,2
615,871,3
616,617,2
616,620,1
616,632,1
616,744,2
616,872,1
617,619,3
617,621,3
617,633,4
617,745,1
617,873,1
618,619,1
618,622,1
618,746,2
618,874,2
619,623,2
619,635,1
619,747,4
620,621,1
620,622,2
620,636,3
620,748,1
620,876,1
621,623,1
621,637,2
621,877,2
622,638,2
622,750,1
622,878,4
623,639,3
624,625,2
624,626,2
624,628,1
624,752,1
624,880,3
625,627,3
625,629,1
625,633,1
625,881,3
626,627,2
626,630,2
626,634,2
627,631,2
627,635,2
627,755,1
627,883,1
628,629,1
628,630,1
628,636,2
628,756,2
628,884,2
629,631,3
629,637,2
629,885,3
630,638,2
630,886,1
631,639,3
631,759,3
631,887,5
632,634,3
632,636,4
632,760,3
632,888,2
633,761,1
633,889,1
634,635,3
634,638,4
634,762,2
634,890,3
635,639,2
635,763,1
635,891,1
636,637,1
636,638,3
636,764,5
636,892,3
637,639,1
637,765,1
637,893,1
638,639,3
638,766,3
638,894,1
639,767,2
639,895,1
640,641,5
640,642,2
640,648,3
640,656,4
640,672,2
640,704,3
640,896,3
641,643,4
641,645,3
641,649,4
641,657,3
641,673,2
641,897,2
642,643,5
642,646,5
642,650,1
642,658,2
642,674,1
642,706,2
642,898,1
643,647,3
643,651,3
643,659,1
643,675,2
643,707,5
643,899,3
644,645,1
644,646,1
644,652,1
644,660,2
644,708,3
644,900,1
645,647,2
645,653,3
645,661,1
645,677,2
645,709,1
645,901,1
646,647,1
646,654,4
646,662,2
646,678,3
646,710,1
646,902,1
647,655,2
647,663,1
647,679,4
647,711,5
648,649,2
648,650,1
648,652,2
648,664,2
648,680,1
648,712,1
648,904,1
649,651,2
649,653,3
649,665,4
649,681,2
649,713,4
649,905,3
650,666,1
650,682,1
650,714,2
650,906,2
651,655,3
651,667,3
651,683,1
651,715,2
651,907,3
652,653,1
652,654,1
652,668,3
652,716,1
653,655,2
653,669,2
653,685,3
653,717,4
653,909,2
654,655,3
654,670,3
654,718,4
654,910,1
655,671,2
655,687,5
655,719,2
655,911,2
656,657,1
656,658,2
656,660,1
656,664,1
656,688,3
656,720,2
656,912,1
657,659,2
657,661,3
657,665,2
657,689,1
657,721,5
657,913,3
658,659,2
658,662,1
658,666,3
658,722,2
658,914,1
659,663,2
659,667,1
659,691,3
659,723,3
659,915,2
660,668,3
660,692,2
660,724,2
660,916,3
661,663,2
661,669,1
661,725,4
661,917,2
662,670,3
662,694,2
662,726,3
663,671,1
663,695,2
663,727,3
663,919,3
664,665,2
664,666,3
664,696,1
664,920,1
665,667,1
665,669,2
665,697,1
665,729,1
665,921,1
666,667,3
666,670,3
666,698,2
667,671,3
667,731,1
668,669,4
668,670,3
668,700,1
668,732,6
668,924,1
669,671,3
669,701,4
669,733,3
669,925,2
670,671,1
670,702,2
670,734,1
670,926,2
671,703,1
671,735,1
671,927,3
672,673,2
672,676,1
672,680,3
672,688,4
672,736,2
672,928,2
673,675,4
673,677,1
673,681,1
673,689,3
673,737,4
674,678,1
674,738,2
675,679,2
675,683,1
675,691,1
675,739,2
675,931,3
676,677,3
676,678,2
676,684,1
676,692,2
676,740,2
677,679,3
677,685,1
677,693,1
677,741,2
677,933,4
678,679,3
678,686,2
678,694,1
678,742,3
678,934,4
679,687,1
679,695,2
679,743,1
679,935,1
680,681,1
680,682,2
680,684,3
680,696,3
680,744,1
680,936,3
681,683,1
681,685,2
681,745,3
681,937,1
682,938,1
683,699,2
683,747,4
683,939,4
684,685,3
684,686,4
684,700,2
684,940,3
685,687,3
685,701,2
685,941,1
686,687,3
686,702,1
686,750,3
686,942,2
687,703,1
687,943,4
688,689,3
688,690,2
688,692,2
688,696,1
688,752,2
688,944,2
689,691,2
689,693,1
689,697,2
689,753,3
689,945,4
690,691,2
690,694,1
690,754,2
690,946,2
691,695,3
691,699,4
691,755,1
691,947,4
692,693,1
692,694,1
692,700,2
692,756,2
692,948,2
693,695,1
693,701,4
693,757,1
693,949,2
694,695,1
694,702,3
694,758,1
694,950,1
695,703,1
695,759,2
695,951,1
696,697,1
696,698,1
696,760,5
697,701,2
697,761,1
697,953,1
698,699,2
698,702,4
698,762,2
698,954,2
699,703,3
699,763,2
699,955,4
700,701,3
700,702,2
700,764,1
700,956,4
701,703,3
701,765,5
701,957,5
702,703,3
702,766,1
702,958,1
703,959,2
704,705,4
704,706,2
704,708,2
704,712,3
704,720,3
704,736,1
704,960,4
705,707,6
705,709,3
705,713,2
705,721,2
705,737,2
705,961,1
706,710,2
706,722,3
706,738,2
706,962,1
707,711,2
707,715,3
707,723,2
707,739,2
707,963,2
708,709,2
708,710,2
708,716,3
708,724,3
708,740,4
708,964,1
709,711,2
709,717,2
709,725,2
709,965,2
710,711,3
710,718,3
710,726,1
710,742,4
710,966,4
711,719,3
711,743,2
711,967,4
712,713,1
712,714,1
712,728,2
712,744,2
712,968,1
713,715,2
713,717,4
713,729,4
713,745,3
714,718,2
714,730,4
714,746,3
715,719,1
715,731,1
715,747,1
715,971,3
716,717,3
716,718,2
716,732,1
716,972,1
717,719,1
717,733,1
717,749,2
717,973,4
718,719,2
718,734,2
718,750,1
718,974,2
719,735,1
719,751,1
719,975,3
720,722,3
720,724,1
720,728,1
720,976,3
721,723,2
721,725,1
721,729,2
721,753,5
721,977,2
722,723,4
722,726,1
722,730,4
722,754,3
722,978,2
723,727,2
723,731,1
723,755,2
723,979,1
724,725,3
724,726,2
724,732,2
724,756,2
724,980,4
725,733,1
725,757,4
725,981,1
726,727,1
726,734,1
726,982,1
727,735,4
727,759,2
727,983,4
728,729,2
728,730,3
728,732,1
728,760,2
728,984,1
729,731,1
729,733,1
729,761,2
729,985,3
730,734,3
730,762,1
730,986,1
731,735,1
731,763,2
731,987,2
732,733,3
732,734,1
732,764,1
732,988,2
733,735,3
733,765,2
733,989,2
734,735,2
734,766,1
734,990,2
735,767,2
735,991,3
736,737,3
736,738,3
736,740,4
736,744,3
736,752,1
736,992,3
737,739,4
737,741,2
737,745,1
737,753,4
737,993,2
738,739,3
738,742,1
738,754,2
738,994,2
739,743,1
739,747,3
739,755,2
739,995,1
740,741,4
740,742,1
740,748,6
740,756,4
740,996,2
741,743,2
741,749,3
741,757,2
741,997,1
742,743,1
742,750,1
742,758,1
742,998,2
743,751,2
743,759,5
743,999,1
744,745,4
744,746,2
744,748,2
744,760,3
744,1000,2
745,747,2
745,749,2
745,1001,2
746,747,2
746,750,2
746,762,1
746,1002,2
747,751,2
747,763,1
747,1003,3
748,749,2
748,750,3
748,764,3
748,1004,2
749,751,1
749,765,3
749,1005,1
750,751,2
750,1006,1
751,767,1
751,1007,2
752,753,2
752,1008,1
753,755,1
753,757,1
753,761,3
753,1009,1
754,755,1
754,1010,2
755,759,3
755,763,3
755,1011,1
756,757,4
756,758,1
756,764,2
756,1012,3
757,759,2
757,765,2
757,1013,2
758,759,2
758,1014,2
759,767,1
759,1015,1
760,761,2
760,764,1
760,1016,4
761,763,3
761,765,4
761,1017,2
762,763,1
762,1018,2
763,767,2
763,1019,3
764,765,1
764,1020,3
765,767,4
765,1021,2
766,767,1
766,1022,4
767,1023,2
768,769,1
768,770,1
768,772,2
768,776,1
768,784,2
768,800,5
768,832,4
768,896,2
769,771,1
769,773,1
769,777,1
769,785,2
769,801,3
769,833,3
769,897,2
770,771,1
770,786,3
770,802,3
770,834,1
770,898,1
771,775,1
771,787,1
771,803,2
772,773,2
772,774,1
772,780,1
772,788,6
772,804,5
772,836,2
772,900,2
773,775,1
773,781,1
773,789,1
773,805,2
773,837,2
773,901,4
774,775,1
774,782,2
774,790,4
774,806,1
774,838,4
774,902,2
775,783,1
775,791,5
775,807,4
775,839,2
775,903,2
776,777,1
776,780,3
776,792,1
776,808,1
776,904,1
777,779,1
777,793,3
777,809,1
777,841,1
778,779,1
778,810,2
778,842,1
778,906,4
779,783,1
779,795,1
779,811,3
779,907,2
780,782,2
780,812,1
780,844,2
780,908,1
781,783,1
781,797,1
781,813,1
781,845,1
781,909,4
782,783,2
782,814,2
783,799,2
783,815,3
783,847,2
784,785,1
784,786,2
784,788,2
784,792,2
784,816,2
784,848,2
784,912,2
785,787,2
785,789,1
785,793,2
785,849,1
785,913,2
786,787,1
786,790,1
786,794,2
786,818,1
786,850,1
786,914,3
787,791,3
787,795,3
787,819,2
787,851,2
787,915,2
788,789,3
788,790,3
788,796,2
788,820,1
788,852,2
788,916,3
789,791,2
789,797,2
789,821,1
789,853,1
789,917,2
790,791,3
790,798,1
790,822,3
790,854,2
790,918,5
791,799,2
791,823,2
791,855,5
792,793,2
792,794,3
792,920,1
793,795,3
793,797,3
793,857,1
793,921,4
794,795,3
794,798,1
794,858,2
794,922,1
795,799,3
795,827,4
795,923,3
796,797,4
796,798,1
796,828,2
796,860,2
796,924,2
797,799,4
797,829,1
797,861,3
797,925,2
798,830,2
798,862,2
798,926,1
799,831,3
799,927,2
800,801,4
800,802,3
800,804,4
800,808,3
800,816,1
800,864,3
800,928,1
801,803,2
801,805,2
801,809,2
801,817,2
801,865,2
801,929,4
802,806,3
802,810,1
802,818,2
802,866,2
802,930,2
803,807,4
803,811,1
803,867,1
803,931,2
804,805,1
804,806,4
804,812,2
804,820,1
804,868,3
804,932,1
805,807,1
805,821,1
805,933,2
806,807,4
806,814,6
806,822,3
806,870,4
806,934,1
807,815,3
807,871,4
807,935,1
808,809,2
808,812,2
808,872,2
808,936,2
809,811,1
809,813,2
809,825,1
809,873,2
810,811,2
810,814,3
810,826,3
810,874,3
810,938,3
811,815,2
811,827,4
811,875,6
811,939,4
812,813,3
812,814,2
812,876,1
812,940,2
813,815,4
813,877,3
813,941,1
814,815,7
814,830,2
814,878,3
814,942,2
815,831,6
815,879,1
815,943,3
816,817,2
816,818,2
816,820,2
816,824,1
816,880,3
816,944,2
817,819,2
817,821,3
817,825,1
817,881,3
818,819,3
818,826,1
818,882,2
819,823,3
819,827,2
819,883,3
819,947,5
820,822,2
820,828,2
820,884,1
820,948,1
821,823,1
821,829,1
821,885,2
821,949,2
822,823,4
822,830,2
822,886,3
822,950,3
823,831,1
823,887,3
823,951,2
824,825,2
824,828,3
824,888,1
825,827,3
825,889,3
825,953,3
826,827,1
826,830,2
826,890,2
826,954,1
827,831,3
827,891,2
827,955,2
828,830,1
828,892,2
828,956,2
829,831,1
829,893,2
829,957,3
830,831,3
830,894,1
830,958,1
831,895,4
831,959,3
832,833,1
832,834,1
832,840,3
832,848,3
832,864,1
832,960,3
833,835,1
833,841,1
833,849,1
833,865,2
833,961,4
834,835,1
834,838,2
834,866,2
834,962,2
835,839,3
835,843,2
835,851,2
836,837,1
836,838,1
836,852,2
836,868,2
836,964,1
837,839,3
837,845,2
837,853,2
837,869,4
837,965,3
838,839,3
838,870,2
838,966,3
839,855,1
839,871,2
839,967,2
840,842,3
840,872,2
840,968,2
841,845,3
841,857,1
842,843,1
842,846,3
842,858,2
842,874,2
843,847,2
843,875,1
844,845,1
844,972,2
845,847,4
845,861,3
845,877,1
845,973,1
846,847,3
846,862,3
846,974,1
847,863,2
847,879,1
847,975,3
848,849,2
848,852,1
848,856,1
848,880,2
848,976,1
849,851,4
849,857,3
849,881,1
849,977,2
850,851,1
850,854,1
850,858,1
850,882,2
850,978,2
851,855,4
851,859,2
851,883,3
851,979,1
852,853,1
852,860,1
852,884,1
852,980,2
853,855,3
853,885,1
853,981,1
854,855,3
854,886,1
854,982,4
855,863,2
855,887,3
855,983,1
856,858,1
856,888,1
856,984,3
857,859,1
857,861,2
857,889,3
857,985,2
858,859,2
858,862,2
858,890,3
858,986,1
859,863,1
859,891,1
859,987,1
860,861,1
860,862,1
860,892,2
860,988,1
861,863,3
861,893,3
862,863,1
862,894,2
862,990,2
863,991,1
864,865,1
864,866,3
864,872,1
864,880,1
864,992,3
865,869,1
865,881,1
865,993,2
866,867,1
866,870,3
866,874,2
866,882,2
866,994,2
867,871,1
867,875,2
867,883,2
867,995,2
868,869,2
868,870,1
868,996,2
869,871,1
869,877,2
869,885,1
869,997,1
870,878,3
870,886,1
870,998,2
871,879,1
871,887,1
871,999,3
872,873,1
872,874,1
872,876,1
872,888,2
872,1000,1
873,875,2
873,877,3
873,889,2
873,1001,1
874,875,4
874,878,4
874,890,6
874,1002,1
875,879,2
875,891,4
875,1003,2
876,878,1
877,879,2
877,893,3
877,1005,2
878,879,4
878,894,2
878,1006,2
879,895,2
879,1007,1
880,881,3
880,884,2
880,888,1
880,1008,4
881,883,3
881,885,4
881,1009,1
882,883,1
882,886,4
882,890,3
883,887,1
883,891,3
884,885,2
884,886,3
884,892,2
885,887,2
885,893,3
885,1013,4
886,887,3
886,894,2
886,1014,3
887,1015,1
888,889,2
888,890,1
888,892,2
888,1016,2
889,891,1
889,893,3
889,1017,2
890,891,2
890,894,1
890,1018,2
891,895,2
891,1019,3
892,893,3
892,894,2
892,1020,4
893,895,4
894,895,1
894,1022,2
895,1023,3
896,897,3
896,898,1
896,900,3
896,904,2
896,912,2
896,928,2
896,960,1
897,899,1
897,901,3
897,905,5
897,913,2
897,929,2
897,961,2
898,899,1
898,902,4
898,906,1
898,914,1
898,930,2
898,962,2
899,903,2
899,907,1
899,931,1
899,963,1
900,901,1
900,902,2
900,908,1
900,916,1
900,932,1
900,964,1
901,903,1
901,909,1
901,917,4
901,933,7
901,965,4
902,903,3
902,910,3
902,918,5
902,966,1
903,911,3
903,919,2
903,935,2
904,905,3
904,908,1
904,920,2
904,936,1
904,968,2
905,907,2
905,909,2
905,921,1
905,969,1
906,907,2
906,910,2
906,922,2
906,970,2
907,911,1
907,923,2
907,939,1
908,909,4
908,910,2
908,924,1
908,940,3
909,911,4
909,925,3
909,941,4
909,973,7
910,911,1
910,926,2
910,942,3
910,974,2
911,927,3
911,943,1
911,975,3
912,913,2
912,914,3
912,916,3
912,920,2
912,944,1
912,976,1
913,915,3
913,917,1
913,921,1
913,945,1
914,915,1
914,918,5
914,922,1
914,946,2
914,978,3
915,919,1
915,923,1
915,947,3
916,917,2
916,918,7
916,924,3
916,948,2
916,980,2
917,919,2
917,925,2
917,949,2
917,981,2
918,919,3
918,926,4
918,950,3
918,982,6
919,927,1
919,951,1
920,921,1
920,922,2
920,924,1
920,952,1
920,984,4
921,923,3
921,925,3
921,953,2
921,985,6
922,923,4
922,926,2
922,954,2
923,927,2
923,955,5
923,987,4
924,925,3
924,926,1
924,956,3
924,988,3
925,927,1
925,957,3
925,989,3
926,927,3
926,958,1
927,959,1
927,991,2
928,930,1
928,932,2
928,992,1
929,931,2
929,933,3
929,937,3
929,945,2
929,993,2
930,934,1
930,938,2
930,946,3
930,994,3
931,935,3
931,939,3
931,947,3
931,995,1
932,933,2
932,934,2
932,940,2
932,996,2
933,935,4
933,941,4
933,949,3
933,997,1
934,935,1
934,942,1
934,950,1
934,998,3
935,951,3
935,999,1
936,937,2
936,938,1
936,940,2
936,952,1
936,1000,2
937,939,2
937,941,4
937,953,2
938,939,2
938,942,2
938,1002,1
939,943,3
939,955,4
940,941,3
940,956,3
940,1004,4
941,943,4
941,957,5
941,1005,3
942,943,2
942,958,3
942,1006,4
943,959,4
943,1007,2
944,945,3
944,946,3
944,952,1
944,1008,3
945,947,1
945,949,2
945,953,1
945,1009,2
946,947,1
946,950,3
946,954,4
946,1010,3
947,951,4
947,955,2
947,1011,3
948,949,1
948,956,1
948,1012,1
949,951,4
949,957,2
949,1013,4
950,1014,1
951,959,4
951,1015,2
952,953,2
952,954,2
952,956,2
952,1016,1
953,955,2
953,957,3
953,1017,3
954,955,2
954,958,5
954,1018,3
955,959,1
956,958,2
956,1020,5
958,959,4
958,1022,1
959,1023,3
960,961,1
960,962,2
960,964,1
960,968,1
960,976,2
960,992,2
961,965,1
961,969,4
961,977,1
961,993,2
962,963,1
962,966,2
962,970,2
962,978,2
962,994,1
963,995,1
964,965,1
964,972,2
964,980,3
964,996,3
965,967,1
965,973,4
965,981,2
965,997,2
966,967,1
966,974,3
966,982,1
966,998,3
967,975,1
967,983,1
967,999,2
968,969,2
968,972,2
969,971,4
969,973,3
969,985,2
970,971,2
970,974,2
970,986,1
970,1002,1
971,975,1
971,987,2
971,1003,2
972,973,1
972,974,3
972,988,1
972,1004,3
973,975,1
973,989,1
973,1005,2
974,990,1
974,1006,3
975,991,1
975,1007,1
976,977,1
976,978,3
976,980,2
976,984,3
976,1008,2
977,979,1
977,981,3
977,985,2
977,1009,1
978,979,4
978,982,1
979,983,2
979,987,1
979,1011,2
980,981,3
980,988,1
980,1012,1
981,983,2
981,989,1
981,1013,2
982,983,2
982,990,1
982,1014,3
983,991,2
983,1015,1
984,985,2
984,986,1
984,988,4
984,1016,3
985,987,1
985,989,2
985,1017,3
986,987,2
986,990,1
986,1018,2
987,991,4
987,1019,1
988,989,3
988,1020,1
989,991,1
991,1023,1
992,993,3
992,994,3
992,996,5
992,1000,1
992,1008,1
993,995,3
993,997,2
993,1001,4
993,1009,2
994,995,1
994,998,1
994,1002,2
994,1010,1
995,999,2
995,1003,1
995,1011,1
996,997,1
996,998,2
996,1004,1
996,1012,1
997,999,1
997,1005,1
998,999,3
998,1006,1
998,1014,3
1000,1001,1
1000,1002,3
1000,1004,1
1000,1016,1
1001,1003,4
1001,1005,3
1001,1017,4
1002,1003,2
1002,1006,2
1002,1018,2
1003,1007,3
1003,1019,1
1004,1005,1
1004,1006,3
1004,1020,4
1005,1007,3
1005,1021,2
1006,1007,1
1007,1023,1
1008,1009,1
1008,1010,5
1008,1012,1
1008,1016,4
1009,1013,1
1009,1017,1
1010,1011,2
1010,1014,2
1010,1018,2
1011,1019,1
1012,1013,3
1012,1014,3
1013,1015,1
1013,1021,2
1014,1015,4
1014,1022,4
1015,1023,2
1016,1017,3
1016,1018,2
1016,1020,1
1017,1019,2
1017,1021,1
1018,1019,2
1018,1022,1
1019,1023,1
1020,1021,3
